{"train/loss": 1.6783, "train/learning_rate": 3.1111111111111116e-06, "train/epoch": 0.01, "train/global_step": 182, "_timestamp": 1679369289.9390259, "_runtime": 110.49550986289978, "_step": 181, "_wandb": {"runtime": 109}}