{"train/loss": 1.2989, "train/learning_rate": 7.155845317155515e-06, "train/epoch": 1.81, "train/global_step": 7852, "_timestamp": 1679431174.3148057, "_runtime": 10208.053640842438, "_step": 3851}