{"train/loss": 1.6818, "train/learning_rate": 1.4340588988476314e-05, "train/epoch": 0.06, "train/global_step": 560, "_timestamp": 1679416557.1708658, "_runtime": 409.8168866634369, "_step": 559, "_wandb": {"runtime": 408}}