{"train/loss": 1.4657, "train/learning_rate": 1.5842926339205692e-05, "train/epoch": 0.97, "train/global_step": 4190, "_timestamp": 1679420871.954311, "_runtime": 505.5816249847412, "_step": 189, "_wandb": {"runtime": 504}}