{"train/loss": 1.7239, "train/learning_rate": 4.353393085787452e-07, "train/epoch": 0.0, "train/global_step": 17, "_timestamp": 1679416026.0149465, "_runtime": 15.822667360305786, "_step": 16, "_wandb": {"runtime": 15}}