{"train/loss": 1.3547, "train/learning_rate": 1.4201892813471539e-05, "train/epoch": 1.14, "train/global_step": 4954, "_timestamp": 1679387527.4646068, "_runtime": 13217.591353654861, "_step": 4953}