{"train/loss": 1.7787, "train/learning_rate": 1.435897435897436e-05, "train/epoch": 0.06, "train/global_step": 840, "_timestamp": 1679369864.6114511, "_runtime": 492.4526641368866, "_step": 839, "_wandb": {"runtime": 491}}